Workbook

Sheet Transactions
A1: Card | B1: Date | C1: Time | D1: Product | E1: Station | F1: Country | G1: VAT % | H1: Currency | I1: Local price | J1: FX (EUR/cur) | K1: Net price EUR/L | L1: Quantity L | M1: Net amount EUR (doc) | N1: Calc: EUR price x Qty | O1: Diff | P1: Check
A2: 11525 042 | B2: 18/05/26 | C2: 06:30 | D2: DIESEL | E2: Zeebrugge | F2: Belgium | G2: 21 | H2: EUR | I2: 1.7488 | J2: 1 | K2: 1.7488 | L2: 400.42 | M2: 700.25 | N2: =ROUND(K2*L2,2) -> 700.25 | O2: =N2-M2 -> 0 | P2: =IF(ABS(O2)<=0.01,"OK","CHECK") -> OK
A3: 11525 042 | B3: 20/05/26 | C3: 15:54 | D3: DIESEL | E3: Zeebrugge | F3: Belgium | G3: 21 | H3: EUR | I3: 1.8116 | J3: 1 | K3: 1.8116 | L3: 430 | M3: 778.99 | N3: =ROUND(K3*L3,2) -> 778.99 | O3: =N3-M3 -> 0 | P3: =IF(ABS(O3)<=0.01,"OK","CHECK") -> OK
A4: 11533 043 | B4: 30/05/26 | C4: 09:16 | D4: Gasoil N | E4: Langres_Rolampont | F4: France | G4: 20 | H4: EUR | I4: 1.7922 | J4: 1 | K4: 1.7922 | L4: 200 | M4: 358.44 | N4: =ROUND(K4*L4,2) -> 358.44 | O4: =N4-M4 -> 0 | P4: =IF(ABS(O4)<=0.01,"OK","CHECK") -> OK
A5: 11541 044 | B5: 18/05/26 | C5: 08:39 | D5: AdBlue | E5: IRUN ARASO | F5: Spain | G5: 21 | H5: EUR | I5: 0.9876 | J5: 1 | K5: 0.9876 | L5: 45.85 | M5: 45.28 | N5: =ROUND(K5*L5,2) -> 45.28 | O5: =N5-M5 -> 0 | P5: =IF(ABS(O5)<=0.01,"OK","CHECK") -> OK
A6: 11541 044 | B6: 21/05/26 | C6: 12:23 | D6: AdBlue | E6: IRUN ARASO | F6: Spain | G6: 21 | H6: EUR | I6: 0.9876 | J6: 1 | K6: 0.9876 | L6: 41.57 | M6: 41.05 | N6: =ROUND(K6*L6,2) -> 41.05 | O6: =N6-M6 -> 0 | P6: =IF(ABS(O6)<=0.01,"OK","CHECK") -> OK
A7: 11541 044 | B7: 18/05/26 | C7: 08:29 | D7: GASOIL | E7: IRUN ARASO | F7: Spain | G7: 10 | H7: EUR | I7: 1.5218 | J7: 1 | K7: 1.5218 | L7: 410.81 | M7: 625.17 | N7: =ROUND(K7*L7,2) -> 625.17 | O7: =N7-M7 -> 0 | P7: =IF(ABS(O7)<=0.01,"OK","CHECK") -> OK
A8: 11541 044 | B8: 21/05/26 | C8: 12:10 | D8: GASOIL | E8: IRUN ARASO | F8: Spain | G8: 10 | H8: EUR | I8: 1.5409 | J8: 1 | K8: 1.5409 | L8: 369.4 | M8: 569.21 | N8: =ROUND(K8*L8,2) -> 569.21 | O8: =N8-M8 -> 0 | P8: =IF(ABS(O8)<=0.01,"OK","CHECK") -> OK
A9: 11541 044 | B9: 25/05/26 | C9: 13:36 | D9: DIESEL | E9: Zeebrugge | F9: Belgium | G9: 21 | H9: EUR | I9: 1.7694 | J9: 1 | K9: 1.7694 | L9: 627.36 | M9: 1110.05 | N9: =ROUND(K9*L9,2) -> 1110.05 | O9: =N9-M9 -> 0 | P9: =IF(ABS(O9)<=0.01,"OK","CHECK") -> OK
A10: 11541 044 | B10: 27/05/26 | C10: 17:22 | D10: DIESEL | E10: Zeebrugge | F10: Belgium | G10: 21 | H10: EUR | I10: 1.7694 | J10: 1 | K10: 1.7694 | L10: 470.06 | M10: 831.72 | N10: =ROUND(K10*L10,2) -> 831.72 | O10: =N10-M10 -> 0 | P10: =IF(ABS(O10)<=0.01,"OK","CHECK") -> OK
A11: 11558 045 | B11: 20/05/26 | C11: 13:05 | D11: DIESEL | E11: Waregem | F11: Belgium | G11: 21 | H11: EUR | I11: 1.8116 | J11: 1 | K11: 1.8116 | L11: 830.04 | M11: 1503.7 | N11: =ROUND(K11*L11,2) -> 1503.7 | O11: =N11-M11 -> 0 | P11: =IF(ABS(O11)<=0.01,"OK","CHECK") -> OK
A12: 11558 045 | B12: 27/05/26 | C12: 09:00 | D12: DIESEL | E12: Waregem | F12: Belgium | G12: 21 | H12: EUR | I12: 1.7694 | J12: 1 | K12: 1.7694 | L12: 510 | M12: 902.39 | N12: =ROUND(K12*L12,2) -> 902.39 | O12: =N12-M12 -> 0 | P12: =IF(ABS(O12)<=0.01,"OK","CHECK") -> OK
A13: 11657 010 | B13: 20/05/26 | C13: 13:45 | D13: DIESEL | E13: Zeebrugge | F13: Belgium | G13: 21 | H13: EUR | I13: 1.8116 | J13: 1 | K13: 1.8116 | L13: 340 | M13: 615.94 | N13: =ROUND(K13*L13,2) -> 615.94 | O13: =N13-M13 -> 0 | P13: =IF(ABS(O13)<=0.01,"OK","CHECK") -> OK
... A95: 12127 049 | B95: 28/05/26 | C95: 08:36 | D95: DIESEL | E95: Zeebrugge | F95: Belgium | G95: 21 | H95: EUR | I95: 1.7694 | J95: 1 | K95: 1.7694 | L95: 494 | M95: 874.08 | N95: =ROUND(K95*L95,2) -> 874.08 | O95: =N95-M95 -> 0 | P95: =IF(ABS(O95)<=0.01,"OK","CHECK") -> OK

Sheet Card totals check
A1: Card | B1: Stated card total EUR | C1: Calc: sum of lines | D1: Diff | E1: Check
A2: 11525 042 | B2: 1479.24 | C2: =ROUND(SUMIF(Transactions!$A$2:$A$95,A2,Transactions!$M$2:$M$95),2) -> 1479.24 | D2: =C2-B2 -> 0 | E2: =IF(ABS(D2)<=0.01,"OK","CHECK") -> OK
A3: 11533 043 | B3: 358.44 | C3: =ROUND(SUMIF(Transactions!$A$2:$A$95,A3,Transactions!$M$2:$M$95),2) -> 358.44 | D3: =C3-B3 -> 0 | E3: =IF(ABS(D3)<=0.01,"OK","CHECK") -> OK
A4: 11541 044 | B4: 3222.48 | C4: =ROUND(SUMIF(Transactions!$A$2:$A$95,A4,Transactions!$M$2:$M$95),2) -> 3222.48 | D4: =C4-B4 -> 0 | E4: =IF(ABS(D4)<=0.01,"OK","CHECK") -> OK
A5: 11558 045 | B5: 2406.09 | C5: =ROUND(SUMIF(Transactions!$A$2:$A$95,A5,Transactions!$M$2:$M$95),2) -> 2406.09 | D5: =C5-B5 -> 0 | E5: =IF(ABS(D5)<=0.01,"OK","CHECK") -> OK
A6: 11657 010 | B6: 615.94 | C6: =ROUND(SUMIF(Transactions!$A$2:$A$95,A6,Transactions!$M$2:$M$95),2) -> 615.94 | D6: =C6-B6 -> 0 | E6: =IF(ABS(D6)<=0.01,"OK","CHECK") -> OK
A7: 11665 011 | B7: 2446.66 | C7: =ROUND(SUMIF(Transactions!$A$2:$A$95,A7,Transactions!$M$2:$M$95),2) -> 2446.66 | D7: =C7-B7 -> 0 | E7: =IF(ABS(D7)<=0.01,"OK","CHECK") -> OK
A8: 11673 012 | B8: 2192.96 | C8: =ROUND(SUMIF(Transactions!$A$2:$A$95,A8,Transactions!$M$2:$M$95),2) -> 2192.96 | D8: =C8-B8 -> 0 | E8: =IF(ABS(D8)<=0.01,"OK","CHECK") -> OK
A9: 11715 016 | B9: 2251.15 | C9: =ROUND(SUMIF(Transactions!$A$2:$A$95,A9,Transactions!$M$2:$M$95),2) -> 2251.15 | D9: =C9-B9 -> 0 | E9: =IF(ABS(D9)<=0.01,"OK","CHECK") -> OK
A10: 11731 018 | B10: 1075.69 | C10: =ROUND(SUMIF(Transactions!$A$2:$A$95,A10,Transactions!$M$2:$M$95),2) -> 1075.69 | D10: =C10-B10 -> 0 | E10: =IF(ABS(D10)<=0.01,"OK","CHECK") -> OK
A11: 11749 019 | B11: 1488.35 | C11: =ROUND(SUMIF(Transactions!$A$2:$A$95,A11,Transactions!$M$2:$M$95),2) -> 1488.35 | D11: =C11-B11 -> 0 | E11: =IF(ABS(D11)<=0.01,"OK","CHECK") -> OK
A12: 11756 020 | B12: 2358.91 | C12: =ROUND(SUMIF(Transactions!$A$2:$A$95,A12,Transactions!$M$2:$M$95),2) -> 2358.91 | D12: =C12-B12 -> 0 | E12: =IF(ABS(D12)<=0.01,"OK","CHECK") -> OK
A13: 11764 021 | B13: 2632.24 | C13: =ROUND(SUMIF(Transactions!$A$2:$A$95,A13,Transactions!$M$2:$M$95),2) -> 2632.24 | D13: =C13-B13 -> 0 | E13: =IF(ABS(D13)<=0.01,"OK","CHECK") -> OK
... A30: 12127 049 | B30: 2447.71 | C30: =ROUND(SUMIF(Transactions!$A$2:$A$95,A30,Transactions!$M$2:$M$95),2) -> 2447.71 | D30: =C30-B30 -> 0 | E30: =IF(ABS(D30)<=0.01,"OK","CHECK") -> OK
A31: TOTAL | B31: =SUM(B2:B30) -> 56057.99 | C31: =SUM(C2:C30) -> 56057.99

Sheet Country VAT check
A1: Country | B1: VAT % | C1: Net (summary doc) | D1: Calc net from transactions | E1: Diff | F1: Check | G1: VAT (doc) | H1: Calc VAT = net x rate | I1: Gross (doc)
A2: Germany | B2: 19 | C2: 4292.82 | D2: =ROUND(SUMIF(Transactions!$F$2:$F$95,"Germany",Transactions!$M$2:$M$95),2) -> 4292.82 | E2: =D2-C2 -> 0 | F2: =IF(ABS(E2)<=0.01,"OK","CHECK") -> OK | G2: 815.63 | H2: =ROUND(D2*B2/100,2) -> 815.64 | I2: 5108.45
A3: Belgium | B3: 21 | C3: 37955.7 | D3: =ROUND(SUMIF(Transactions!$F$2:$F$95,"Belgium",Transactions!$M$2:$M$95),2) -> 37955.7 | E3: =D3-C3 -> 0 | F3: =IF(ABS(E3)<=0.01,"OK","CHECK") -> OK | G3: 7970.68 | H3: =ROUND(D3*B3/100,2) -> 7970.7 | I3: 45926.38
A4: France | B4: 20 | C4: 2922.77 | D4: =ROUND(SUMIF(Transactions!$F$2:$F$95,"France",Transactions!$M$2:$M$95),2) -> 2922.77 | E4: =D4-C4 -> 0 | F4: =IF(ABS(E4)<=0.01,"OK","CHECK") -> OK | G4: 584.55 | H4: =ROUND(D4*B4/100,2) -> 584.55 | I4: 3507.32
A5: Denmark | B5: 25 | C5: 3926.55 | D5: =ROUND(SUMIF(Transactions!$F$2:$F$95,"Denmark",Transactions!$M$2:$M$95),2) -> 3926.55 | E5: =D5-C5 -> 0 | F5: =IF(ABS(E5)<=0.01,"OK","CHECK") -> OK | G5: 981.65 | H5: =ROUND(D5*B5/100,2) -> 981.64 | I5: 4908.2
A6: Poland | B6: 23 | C6: 47.12 | D6: =ROUND(SUMIF(Transactions!$F$2:$F$95,"Poland",Transactions!$M$2:$M$95),2) -> 47.12 | E6: =D6-C6 -> 0 | F6: =IF(ABS(E6)<=0.01,"OK","CHECK") -> OK | G6: 10.84 | H6: =ROUND(D6*B6/100,2) -> 10.84 | I6: 57.96
A7: Spain (AdBlue) | B7: 21 | C7: 155.29 | D7: =ROUND(SUMPRODUCT((Transactions!$F$2:$F$95="Spain")*(Transactions!$G$2:$G$95=21)*Transactions!$M$2:$M$95),2) -> 155.29 | E7: =D7-C7 -> 0 | F7: =IF(ABS(E7)<=0.01,"OK","CHECK") -> OK | G7: 32.61 | H7: =ROUND(D7*B7/100,2) -> 32.61
A8: Spain (GASOIL) | B8: 10 | C8: 5784.8 | D8: =ROUND(SUMPRODUCT((Transactions!$F$2:$F$95="Spain")*(Transactions!$G$2:$G$95=10)*Transactions!$M$2:$M$95),2) -> 5784.8 | E8: =D8-C8 -> 0 | F8: =IF(ABS(E8)<=0.01,"OK","CHECK") -> OK | G8: 578.49 | H8: =ROUND(D8*B8/100,2) -> 578.48
A9: Austria | B9: 20 | C9: 972.94 | D9: =ROUND(SUMIF(Transactions!$F$2:$F$95,"Austria",Transactions!$M$2:$M$95),2) -> 972.94 | E9: =D9-C9 -> 0 | F9: =IF(ABS(E9)<=0.01,"OK","CHECK") -> OK | G9: 194.59 | H9: =ROUND(D9*B9/100,2) -> 194.59 | I9: 1167.53
A10: TOTAL | C10: =SUM(C2:C9) -> 56057.99 | D10: =SUM(D2:D9) -> 56057.99 | E10: =D10-C10 -> 0 | F10: =IF(ABS(E10)<=0.02,"OK","CHECK") -> OK | G10: =SUM(G2:G9) -> 11169.04 | H10: =SUM(H2:H9) -> 11169.05 | I10: 67227.03
A12: Controls: Transaction Details net total per document = 56,057.99 EUR; payment summary gross total = 67,227.03 EUR. Calc cells recompute from the 94 extracted lines. VAT recomputed as net x rate may differ by a few cents due to line-level rounding by Q8.

Sheet Grand total check
A1: Check item | B1: Document states | C1: Calculated | D1: Diff | E1: Check
A2: Total litres (payment summary) | B2: 32523.14 | C2: =ROUND(SUM(Transactions!$L$2:$L$95),2) -> 32523.14 | D2: =C2-B2 -> 0 | E2: =IF(ABS(D2)<=0.01,"OK","CHECK") -> OK
A3: Total net EUR (Transaction Details) | B3: 56057.99 | C3: =ROUND(SUM(Transactions!$M$2:$M$95),2) -> 56057.99 | D3: =C3-B3 -> 0 | E3: =IF(ABS(D3)<=0.01,"OK","CHECK") -> OK
A4: Sum of card totals EUR | B4: 56057.99 | C4: ='Card totals check'!C31 -> 56057.99 | D4: =C4-B4 -> 0 | E4: =IF(ABS(D4)<=0.01,"OK","CHECK") -> OK
A5: Total gross EUR (payment summary) | B5: 67227.03 | C5: =ROUND('Country VAT check'!C10+'Country VAT check'!G10,2) -> 67227.03 | D5: =C5-B5 -> 0 | E5: =IF(ABS(D5)<=0.02,"OK","CHECK") -> OK
