Workbook

Sheet Transactions
A1: Invoice | B1: Card | C1: Date | D1: Time | E1: Product | F1: Station | G1: Net price EUR/L | H1: Quantity L | I1: VAT % | J1: Amount EUR (invoice) | K1: Calc: Price x Qty | L1: Diff EUR | M1: Check
A2: BEOI00118939/DE | B2: 11525-0 042 | C2: 18/05/26 | D2: 06:30 | E2: DIESEL | F2: Zeebrugge | G2: 1.7488 | H2: 400.42 | I2: 21 | J2: 700.25 | K2: =ROUND(G2*H2,2) -> 700.25 | L2: =K2-J2 -> 0 | M2: =IF(ABS(L2)<=0.01,"OK","CHECK") -> OK
A3: BEOI00118939/DE | B3: 11525-0 042 | C3: 20/05/26 | D3: 15:54 | E3: DIESEL | F3: Zeebrugge | G3: 1.8116 | H3: 430 | I3: 21 | J3: 778.99 | K3: =ROUND(G3*H3,2) -> 778.99 | L3: =K3-J3 -> 0 | M3: =IF(ABS(L3)<=0.01,"OK","CHECK") -> OK
A4: BEOI00118939/DE | B4: 11541-0 044 | C4: 25/05/26 | D4: 13:36 | E4: DIESEL | F4: Zeebrugge | G4: 1.7694 | H4: 627.36 | I4: 21 | J4: 1110.05 | K4: =ROUND(G4*H4,2) -> 1110.05 | L4: =K4-J4 -> 0 | M4: =IF(ABS(L4)<=0.01,"OK","CHECK") -> OK
A5: BEOI00118939/DE | B5: 11541-0 044 | C5: 27/05/26 | D5: 17:22 | E5: DIESEL | F5: Zeebrugge | G5: 1.7694 | H5: 470.06 | I5: 21 | J5: 831.72 | K5: =ROUND(G5*H5,2) -> 831.72 | L5: =K5-J5 -> 0 | M5: =IF(ABS(L5)<=0.01,"OK","CHECK") -> OK
A6: BEOI00118939/DE | B6: 11558-0 045 | C6: 20/05/26 | D6: 13:05 | E6: DIESEL | F6: Waregem | G6: 1.8116 | H6: 830.04 | I6: 21 | J6: 1503.7 | K6: =ROUND(G6*H6,2) -> 1503.7 | L6: =K6-J6 -> 0 | M6: =IF(ABS(L6)<=0.01,"OK","CHECK") -> OK
A7: BEOI00118939/DE | B7: 11558-0 045 | C7: 27/05/26 | D7: 09:00 | E7: DIESEL | F7: Waregem | G7: 1.7694 | H7: 510 | I7: 21 | J7: 902.39 | K7: =ROUND(G7*H7,2) -> 902.39 | L7: =K7-J7 -> 0 | M7: =IF(ABS(L7)<=0.01,"OK","CHECK") -> OK
A8: BEOI00118939/DE | B8: 11657-0 010 | C8: 20/05/26 | D8: 13:45 | E8: DIESEL | F8: Zeebrugge | G8: 1.8116 | H8: 340 | I8: 21 | J8: 615.94 | K8: =ROUND(G8*H8,2) -> 615.94 | L8: =K8-J8 -> 0 | M8: =IF(ABS(L8)<=0.01,"OK","CHECK") -> OK
A9: BEOI00118939/DE | B9: 11665-0 011 | C9: 20/05/26 | D9: 09:21 | E9: DIESEL | F9: Zeebrugge | G9: 1.8116 | H9: 800.16 | I9: 21 | J9: 1449.57 | K9: =ROUND(G9*H9,2) -> 1449.57 | L9: =K9-J9 -> 0 | M9: =IF(ABS(L9)<=0.01,"OK","CHECK") -> OK
A10: BEOI00118939/DE | B10: 11673-0 012 | C10: 30/05/26 | D10: 17:49 | E10: DIESEL | F10: Tournai | G10: 1.6843 | H10: 222.63 | I10: 21 | J10: 374.98 | K10: =ROUND(G10*H10,2) -> 374.98 | L10: =K10-J10 -> 0 | M10: =IF(ABS(L10)<=0.01,"OK","CHECK") -> OK
A11: BEOI00118939/DE | B11: 11715-0 016 | C11: 20/05/26 | D11: 11:28 | E11: AdBlue | F11: Zeebrugge | G11: 1.312 | H11: 50.56 | I11: 21 | J11: 66.33 | K11: =ROUND(G11*H11,2) -> 66.33 | L11: =K11-J11 -> 0 | M11: =IF(ABS(L11)<=0.01,"OK","CHECK") -> OK
A12: BEOI00118939/DE | B12: 11715-0 016 | C12: 20/05/26 | D12: 11:21 | E12: DIESEL | F12: Zeebrugge | G12: 1.8116 | H12: 443.5 | I12: 21 | J12: 803.44 | K12: =ROUND(G12*H12,2) -> 803.44 | L12: =K12-J12 -> 0 | M12: =IF(ABS(L12)<=0.01,"OK","CHECK") -> OK
A13: BEOI00118939/DE | B13: 11715-0 016 | C13: 27/05/26 | D13: 13:02 | E13: DIESEL | F13: Zeebrugge | G13: 1.7694 | H13: 309.8 | I13: 21 | J13: 548.16 | K13: =ROUND(G13*H13,2) -> 548.16 | L13: =K13-J13 -> 0 | M13: =IF(ABS(L13)<=0.01,"OK","CHECK") -> OK
... A67: DEVR00473179 | B67: 12036-0 051 | C67: 30/05/26 | D67: 09:40 | E67: DIESEL | F67: Lübeck | G67: 1.6513 | H67: 201.88 | I67: 19 | J67: 333.36 | K67: =ROUND(G67*H67,2) -> 333.36 | L67: =K67-J67 -> 0 | M67: =IF(ABS(L67)<=0.01,"OK","CHECK") -> OK

Sheet Card totals check
A1: Invoice | B1: Card | C1: Stated card total EUR | D1: Calc: sum of transactions | E1: Diff EUR | F1: Check
A2: BEOI00118939/DE | B2: 11525-0 042 | C2: 1479.24 | D2: =ROUND(SUMPRODUCT((Transactions!$A$2:$A$67=A2)*(Transactions!$B$2:$B$67=B2)*Transactions!$J$2:$J$67),2) -> 1479.24 | E2: =D2-C2 -> 0 | F2: =IF(ABS(E2)<=0.01,"OK","CHECK") -> OK
A3: BEOI00118939/DE | B3: 11541-0 044 | C3: 1941.77 | D3: =ROUND(SUMPRODUCT((Transactions!$A$2:$A$67=A3)*(Transactions!$B$2:$B$67=B3)*Transactions!$J$2:$J$67),2) -> 1941.77 | E3: =D3-C3 -> 0 | F3: =IF(ABS(E3)<=0.01,"OK","CHECK") -> OK
A4: BEOI00118939/DE | B4: 11558-0 045 | C4: 2406.09 | D4: =ROUND(SUMPRODUCT((Transactions!$A$2:$A$67=A4)*(Transactions!$B$2:$B$67=B4)*Transactions!$J$2:$J$67),2) -> 2406.09 | E4: =D4-C4 -> 0 | F4: =IF(ABS(E4)<=0.01,"OK","CHECK") -> OK
A5: BEOI00118939/DE | B5: 11657-0 010 | C5: 615.94 | D5: =ROUND(SUMPRODUCT((Transactions!$A$2:$A$67=A5)*(Transactions!$B$2:$B$67=B5)*Transactions!$J$2:$J$67),2) -> 615.94 | E5: =D5-C5 -> 0 | F5: =IF(ABS(E5)<=0.01,"OK","CHECK") -> OK
A6: BEOI00118939/DE | B6: 11665-0 011 | C6: 1449.57 | D6: =ROUND(SUMPRODUCT((Transactions!$A$2:$A$67=A6)*(Transactions!$B$2:$B$67=B6)*Transactions!$J$2:$J$67),2) -> 1449.57 | E6: =D6-C6 -> 0 | F6: =IF(ABS(E6)<=0.01,"OK","CHECK") -> OK
A7: BEOI00118939/DE | B7: 11673-0 012 | C7: 374.98 | D7: =ROUND(SUMPRODUCT((Transactions!$A$2:$A$67=A7)*(Transactions!$B$2:$B$67=B7)*Transactions!$J$2:$J$67),2) -> 374.98 | E7: =D7-C7 -> 0 | F7: =IF(ABS(E7)<=0.01,"OK","CHECK") -> OK
A8: BEOI00118939/DE | B8: 11715-0 016 | C8: 1417.93 | D8: =ROUND(SUMPRODUCT((Transactions!$A$2:$A$67=A8)*(Transactions!$B$2:$B$67=B8)*Transactions!$J$2:$J$67),2) -> 1417.93 | E8: =D8-C8 -> 0 | F8: =IF(ABS(E8)<=0.01,"OK","CHECK") -> OK
A9: BEOI00118939/DE | B9: 11731-0 018 | C9: 1075.69 | D9: =ROUND(SUMPRODUCT((Transactions!$A$2:$A$67=A9)*(Transactions!$B$2:$B$67=B9)*Transactions!$J$2:$J$67),2) -> 1075.69 | E9: =D9-C9 -> 0 | F9: =IF(ABS(E9)<=0.01,"OK","CHECK") -> OK
A10: BEOI00118939/DE | B10: 11756-0 020 | C10: 761.03 | D10: =ROUND(SUMPRODUCT((Transactions!$A$2:$A$67=A10)*(Transactions!$B$2:$B$67=B10)*Transactions!$J$2:$J$67),2) -> 761.03 | E10: =D10-C10 -> 0 | F10: =IF(ABS(E10)<=0.01,"OK","CHECK") -> OK
A11: BEOI00118939/DE | B11: 11764-0 021 | C11: 1621.15 | D11: =ROUND(SUMPRODUCT((Transactions!$A$2:$A$67=A11)*(Transactions!$B$2:$B$67=B11)*Transactions!$J$2:$J$67),2) -> 1621.15 | E11: =D11-C11 -> 0 | F11: =IF(ABS(E11)<=0.01,"OK","CHECK") -> OK
A12: BEOI00118939/DE | B12: 11772-0 022 | C12: 1365.47 | D12: =ROUND(SUMPRODUCT((Transactions!$A$2:$A$67=A12)*(Transactions!$B$2:$B$67=B12)*Transactions!$J$2:$J$67),2) -> 1365.47 | E12: =D12-C12 -> 0 | F12: =IF(ABS(E12)<=0.01,"OK","CHECK") -> OK
A13: BEOI00118939/DE | B13: 11780-0 023 | C13: 524.66 | D13: =ROUND(SUMPRODUCT((Transactions!$A$2:$A$67=A13)*(Transactions!$B$2:$B$67=B13)*Transactions!$J$2:$J$67),2) -> 524.66 | E13: =D13-C13 -> 0 | F13: =IF(ABS(E13)<=0.01,"OK","CHECK") -> OK
... A27: DEVR00473179 | B27: 12036-0 051 | C27: 2285.86 | D27: =ROUND(SUMPRODUCT((Transactions!$A$2:$A$67=A27)*(Transactions!$B$2:$B$67=B27)*Transactions!$J$2:$J$67),2) -> 2285.86 | E27: =D27-C27 -> 0 | F27: =IF(ABS(E27)<=0.01,"OK","CHECK") -> OK

Sheet Invoice totals check
A1: Check item | B1: Invoice states | C1: Calculated from transactions | D1: Diff | E1: Check
A2: BE invoice BEOI00118939/DE — AdBlue litres | B2: 301.15 | C2: =ROUND(SUMPRODUCT((Transactions!$A$2:$A$67="BEOI00118939/DE")*(Transactions!$E$2:$E$67="AdBlue")*Transactions!$H$2:$H$67),2) -> 301.15 | D2: =C2-B2 -> 0 | E2: =IF(ABS(D2)<=0.01,"OK","CHECK") -> OK
A3: BE invoice BEOI00118939/DE — DIESEL litres | B3: 21337.55 | C3: =ROUND(SUMPRODUCT((Transactions!$A$2:$A$67="BEOI00118939/DE")*(Transactions!$E$2:$E$67="DIESEL")*Transactions!$H$2:$H$67),2) -> 21337.55 | D3: =C3-B3 -> 0 | E3: =IF(ABS(D3)<=0.01,"OK","CHECK") -> OK
A4: BE invoice BEOI00118939/DE — Total net EUR | B4: 37955.7 | C4: =ROUND(SUMIF(Transactions!$A$2:$A$67,"BEOI00118939/DE",Transactions!$J$2:$J$67),2) -> 37955.7 | D4: =C4-B4 -> 0 | E4: =IF(ABS(D4)<=0.01,"OK","CHECK") -> OK
A5: BE invoice BEOI00118939/DE — VAT 21% EUR | B5: 7970.68 | C5: =ROUND(C4*0.21,2) -> 7970.7 | D5: =C5-B5 -> 0.02 | E5: =IF(ABS(D5)<=0.05,"OK (rounding)","CHECK") -> OK (rounding)
A6: BE invoice BEOI00118939/DE — Total to pay EUR | B6: 45926.38 | C6: =C4+C5 -> 45926.4 | D6: =C6-B6 -> 0.02 | E6: =IF(ABS(D6)<=0.05,"OK (rounding)","CHECK") -> OK (rounding)
A7: DE invoice DEVR00473179 — AdBlue litres | B7: 149.51 | C7: =ROUND(SUMPRODUCT((Transactions!$A$2:$A$67="DEVR00473179")*(Transactions!$E$2:$E$67="AdBlue")*Transactions!$H$2:$H$67),2) -> 149.51 | D7: =C7-B7 -> 0 | E7: =IF(ABS(D7)<=0.01,"OK","CHECK") -> OK
A8: DE invoice DEVR00473179 — DIESEL litres | B8: 2425.82 | C8: =ROUND(SUMPRODUCT((Transactions!$A$2:$A$67="DEVR00473179")*(Transactions!$E$2:$E$67="DIESEL")*Transactions!$H$2:$H$67),2) -> 2425.82 | D8: =C8-B8 -> 0 | E8: =IF(ABS(D8)<=0.01,"OK","CHECK") -> OK
A9: DE invoice DEVR00473179 — Total net EUR | B9: 4292.82 | C9: =ROUND(SUMIF(Transactions!$A$2:$A$67,"DEVR00473179",Transactions!$J$2:$J$67),2) -> 4292.82 | D9: =C9-B9 -> 0 | E9: =IF(ABS(D9)<=0.01,"OK","CHECK") -> OK
A10: DE invoice DEVR00473179 — VAT 19% EUR | B10: 815.63 | C10: =ROUND(C9*0.19,2) -> 815.64 | D10: =C10-B10 -> 0.01 | E10: =IF(ABS(D10)<=0.05,"OK (rounding)","CHECK") -> OK (rounding)
A11: DE invoice DEVR00473179 — Total debit EUR | B11: 5108.45 | C11: =C9+C10 -> 5108.46 | D11: =C11-B11 -> 0.01 | E11: =IF(ABS(D11)<=0.05,"OK (rounding)","CHECK") -> OK (rounding)
A12: GRAND TOTAL both invoices EUR | B12: 51034.83 | C12: =C6+C11 -> 51034.86 | D12: =C12-B12 -> 0.03 | E12: =IF(ABS(D12)<=0.05,"OK (rounding)","CHECK") -> OK (rounding)
A14: Note: VAT recomputed as net x rate differs by 1-3 cents because Q8 rounds VAT at line/card level before summing. All 66 transaction amounts, all 26 card totals, litre totals and net totals reconcile exactly.
